{"cameraMode":{"drawMode":0,"name":"Shaded","section":"Shading Mode"},"sceneLighting":false,"audioPlay":false,"sceneViewState":{"showFog":true,"showMaterialUpdate":false,"showSkybox":true,"showFlares":true,"showImageEffects":true,"showParticleSystems":true},"in2DMode":false,"pivot":{"x":375.732666015625,"y":94.55921936035156,"z":208.1178436279297},"rotation":{"x":-0.21664294600486756,"y":-0.531096875667572,"z":0.14263702929019929,"w":-0.8066426515579224},"size":2.8578836917877199,"orthographic":false}